month,starting_date,views,name,festival_id,country,cities,tags,websites,swingplanit_link,observation_date
May 2026,21,906,Frankie BA Festival,frankie-ba-festival2,Argentina,Ciudad de Buenos Aires,Teachers Confirmed,http://www.frankiebafestival.com.ar,https://www.swingplanit.com/event/frankie-ba-festival2,2026-05-20
May 2026,21,2609,Madrid Swing Exchange,madrid-swing-exchange1,Spain,Madrid,Exchange,http://www.madridswingexchange.es/,https://www.swingplanit.com/event/madrid-swing-exchange1,2026-05-20
May 2026,21,1138,Sofia Swing Dance Festival,sofia-swing-dance-festival10,Bulgaria,Sofia,Teachers Confirmed,https://sofiaswing.com/,https://www.swingplanit.com/event/sofia-swing-dance-festival10,2026-05-20
May 2026,22,2271,BB-DanceCamp,bb-dancecamp7,Germany,Landsberg am Lech (close to Munich and Augsburg),Teachers Confirmed,http://www.bb-dancecamp.com/en/home,https://www.swingplanit.com/event/bb-dancecamp7,2026-05-20
May 2026,22,871,Bodrum Lindy Weekend,bodrum-lindy-weekend,Turkey,Bodrum,Teachers Confirmed,https://www.instagram.com/bodrumlindyweekend,https://www.swingplanit.com/event/bodrum-lindy-weekend,2026-05-20
May 2026,22,2412,Tallinn Swing Weekend,tallinn-swing-weekend9,Estonia,Tallinn,Teachers Confirmed,http://www.tsweekend.ee,https://www.swingplanit.com/event/tallinn-swing-weekend9,2026-05-20
May 2026,22,235,Footnotes– Jazz & Tap Fest,footnotes-jazz-tap-fest,Canada,Montreal,Teachers Confirmed,https://www.catscorner.ca/events,https://www.swingplanit.com/event/footnotes-jazz-tap-fest,2026-05-20
May 2026,22,1424,Swing ohne Senf,swing-ohne-senf6,Switzerland,St. Gallen,Teachers Confirmed,https://www.swingohnesenf.ch,https://www.swingplanit.com/event/swing-ohne-senf6,2026-05-20
May 2026,22,1003,Camp Jitterbug,camp-jitterbug3,United States,"Seattle, WA",,https://www.campjitterbug.com/,https://www.swingplanit.com/event/camp-jitterbug3,2026-05-20
May 2026,22,810,Brisbane Swing Thing,brisbane-swing-thing,Australia,Brisbane,Teachers Confirmed Exchange,http://brisbaneswing.wordpress.com/,https://www.swingplanit.com/event/brisbane-swing-thing,2026-05-20
May 2026,22,1468,Valencia Balboa Festival,valencia-balboa-festival1,Spain,Valencia,Teachers Confirmed,https://www.valenciabalboafestival.com/,https://www.swingplanit.com/event/valencia-balboa-festival1,2026-05-20
May 2026,23,783,SwouZy Blues,swouzy-blues,United States,Cincinnati,,https://www.supermurganati.com/swouzy-blues,https://www.swingplanit.com/event/swouzy-blues,2026-05-20
May 2026,23,423,Limassol Lindy Weekend,limassol-lindy-weekend,Cyprus,Limassol,Teachers Confirmed,https://instagram.com/swingdance_limassol,https://www.swingplanit.com/event/limassol-lindy-weekend,2026-05-20
May 2026,29,816,Beet’n'Blues,beetnblues1,Lithuania,Vilnius,Teachers Confirmed,https://bluesdance.lt/bnb26/,https://www.swingplanit.com/event/beetnblues1,2026-05-20
May 2026,29,1833,Spring Jam,spring-jam,United States,"Minneapolis, MN",Teachers Confirmed,http://www.springjammpls.com,https://www.swingplanit.com/event/spring-jam,2026-05-20
May 2026,29,1527,Back Home Again in Indiana,back-home-again1,United States,"Indianapolis, Indiana",Teachers Confirmed,https://www.backhomeagain.dance/,https://www.swingplanit.com/event/back-home-again1,2026-05-20
May 2026,29,992,Copenhagen Balboa Weekend Spring,copenhagen-balboa-weekend-spring2,Denmark,Copenhagen,Teachers Confirmed Exchange,https://www.balboaswing.dk/copenhagen-balboa-weekend-spring-2026-2/,https://www.swingplanit.com/event/copenhagen-balboa-weekend-spring2,2026-05-20
May 2026,29,1578,Roffa Balboa Brew,roffa-balboa-brew1,Netherlands,Rotterdam,Teachers Confirmed,https://www.roffaswing.nl/events,https://www.swingplanit.com/event/roffa-balboa-brew1,2026-05-20
May 2026,29,5152,Sunny Slide Swing Fest,sunny-slide-swing-fest2,Italy,Silvi Marina - Italy,Teachers Confirmed,http://www.sunnyslideswingfest.com,https://www.swingplanit.com/event/sunny-slide-swing-fest2,2026-05-20
May 2026,29,1860,Family Hop,family-hop2,Germany,Rothenfels (Spessart),Teachers Confirmed,http://www.familyhop.de,https://www.swingplanit.com/event/family-hop2,2026-05-20
May 2026,29,899,Dipping Blues,dipping-blues4,France,Toulouse,Teachers Confirmed,http://www.studiohop.com,https://www.swingplanit.com/event/dipping-blues4,2026-05-20
May 2026,29,1185,Hop’n Spring,hopn-spring1,France,Besançon,Teachers Confirmed,http://www.blindy.fr,https://www.swingplanit.com/event/hopn-spring1,2026-05-20
May 2026,29,561,Balboa Snacks,balboa-snacks2,Germany,Dresden,Teachers Confirmed,https://jam-circle.com/workshops/balboa-snacks-series,https://www.swingplanit.com/event/balboa-snacks2,2026-05-20
May 2026,30,813,Ryan Francois Weekender,ryan-francois-wekender,United Kingdom,Bristol,Teachers Confirmed,https://fb.me/e/ciVtkMGWL,https://www.swingplanit.com/event/ryan-francois-wekender,2026-05-20
June 2026,4,3552,Lakedance,lakedance2,Germany,Konstanz,Teachers Confirmed Exchange,https://www.swing-ex-konstanz.de/,https://www.swingplanit.com/event/lakedance2,2026-05-20
June 2026,5,1027,Zamora Swing Fest (ZSF),zamora-swing-fest-zsf26,Spain,Zamora,,http://www.swingzamora.es,https://www.swingplanit.com/event/zamora-swing-fest-zsf26,2026-05-20
June 2026,5,2475,Slow Flow,slow-flow2,Spain,Madrid,,https://bigmamaswing.com/index.php/eventos/Festival_slow_Flow,https://www.swingplanit.com/event/slow-flow2,2026-05-20
June 2026,5,555,The Slow Down,the-slow-down3,Czech Republic,Brno,Teachers Confirmed,https://www.swingwings.cz/akce/the-slow-down,https://www.swingplanit.com/event/the-slow-down3,2026-05-20
June 2026,5,2220,Summer Tyne Swing,summer-tyne-swing,United Kingdom,Newcastle upon Tyne,Teachers Confirmed,https://swingtyne.com/summer-tyne-swing/,https://www.swingplanit.com/event/summer-tyne-swing,2026-05-20
June 2026,5,2601,Liesel Hop,liesel-hop,Germany,Göttingen,Exchange,https://www.liesel-hop.de/,https://www.swingplanit.com/event/liesel-hop,2026-05-20
June 2026,5,473,Pulse In Seoul,pulse-in-seoul,"Korea, Republic Of",Seoul,Teachers Confirmed,www.pulseoul.com/,https://www.swingplanit.com/event/pulse-in-seoul,2026-05-20
June 2026,5,725,Down By The Riverside,down-by-the-riverside4,Canada,"Saint-Georges, Quebec, QC, Canada",Teachers Confirmed,https://www.lacabaneaswing.com/down-by-the-riverside,https://www.swingplanit.com/event/down-by-the-riverside4,2026-05-20
June 2026,5,630,1920s Jazz Age Dance Weekend,1920s-jazz-age-dance-weekend,Canada,Toronto,Teachers Confirmed,http://www.swingtoronto.com,https://www.swingplanit.com/event/1920s-jazz-age-dance-weekend,2026-05-20
June 2026,5,2687,Spirit of swing festival Aix en Provence,spirit-of-swing-festival-aix-en-provence,France,Aix En Provence,Teachers Confirmed,http://www.spiritofswing.com,https://www.swingplanit.com/event/spirit-of-swing-festival-aix-en-provence,2026-05-20
June 2026,5,977,Swingin’ Cadí,swingin-cadi,Spain,La Seu d'Urgell,Teachers Confirmed,https://swingincadi.com/es/,https://www.swingplanit.com/event/swingin-cadi,2026-05-20
June 2026,5,593,Swing Harbour,swing-harbour7,Italy,Trieste,Teachers Confirmed,http://www.triesteswing.it,https://www.swingplanit.com/event/swing-harbour7,2026-05-20
June 2026,5,909,Kats Weekend Salamanca - Vol.2,kats-weekend-salamanca-vol.2,Spain,Salamanca,Teachers Confirmed,https://linktr.ee/helmantikats,https://www.swingplanit.com/event/kats-weekend-salamanca-vol.2,2026-05-20
June 2026,6,349,Easy to Swing Weekend,easy-to-swing-weekend,Italy,Naples,Teachers Confirmed,https://www.facebook.com/events/976781261453168,https://www.swingplanit.com/event/easy-to-swing-weekend,2026-05-20
June 2026,6,1920,Balboa Edition Grenoble Special,balboa-edition-grenoble-special,France,Grenoble,Teachers Confirmed,https://www.vinniekatswing.com,https://www.swingplanit.com/event/balboa-edition-grenoble-special,2026-05-20
June 2026,6,360,Bluesology Teacher Training,bluesology-teacher-training1,Spain,Valencia,Teachers Confirmed,https://thebluesroom.com/br_event/bluesology/,https://www.swingplanit.com/event/bluesology-teacher-training1,2026-05-20
June 2026,6,1004,Junijazz & Lindyseilas,junijazz-lindyseilas3,Norway,Oslo,Teachers Confirmed,http://www.facebook.com/events/2057838131667484,https://www.swingplanit.com/event/junijazz-lindyseilas3,2026-05-20
June 2026,8,3188,Swingin the Bay,swingin-the-bay3,Greece,Chalkidiki,Teachers Confirmed,http://www.swinginthebay.com,https://www.swingplanit.com/event/swingin-the-bay3,2026-05-20
June 2026,11,1440,Hepcats Festival- Istanbul,hepcats-festival,Turkey,Istanbul,Teachers Confirmed,http://www.hepcatsfestival.com,https://www.swingplanit.com/event/hepcats-festival,2026-05-20
June 2026,12,107,Jazz From The Ground Up,jazz-from-the-ground-up,Norway,Bergen,Teachers Confirmed,https://fb.me/e/iNuoFs8XT,https://www.swingplanit.com/event/jazz-from-the-ground-up,2026-05-20
June 2026,12,220,Scat & Swing Festival,scat-swing-festival,Germany,Potsdam,Teachers Confirmed,https://swingconnects.de/scatandswing/,https://www.swingplanit.com/event/scat-swing-festival,2026-05-20
June 2026,12,414,Alex & Jill in Valencia - Valencia Lindy Exchange,alex-jill-in-valencia-valencia-lindy-exchange,Spain,Valencia,Teachers Confirmed,http://www.valencialindyhop.com/valencia-lindy-exchange,https://www.swingplanit.com/event/alex-jill-in-valencia-valencia-lindy-exchange,2026-05-20
June 2026,12,1860,Swing Eruption - Catania Summer Fest,swing-eruption-catania-summer-fest3,Italy,"Catania, Sicily",Teachers Confirmed,https://www.danzofficina.com/swing-eruption/,https://www.swingplanit.com/event/swing-eruption-catania-summer-fest3,2026-05-20
June 2026,12,532,Bretzel Swing Festival,bretzel-swing-festival,France,Caen,Teachers Confirmed,https://www.caencaswing.fr/stages/bretzel-swing-festival/,https://www.swingplanit.com/event/bretzel-swing-festival,2026-05-20
June 2026,12,1470,Oxford Lindy Exchange,oxford-lindy-exchange14,United Kingdom,Oxford,Exchange,https://oxfordlindyexchange.com,https://www.swingplanit.com/event/oxford-lindy-exchange14,2026-05-20
June 2026,12,1833,Sendai Balboa Festival with Kate & David,sendai-balboa-festival-with-kate-david,Japan,Sendai,Teachers Confirmed,https://fb.me/e/9375RFEiF,https://www.swingplanit.com/event/sendai-balboa-festival-with-kate-david,2026-05-20
June 2026,12,675,Midsummer Swing,midsummer-swing4,Latvia,Riga,Teachers Confirmed,http://www.midsummerswing.com,https://www.swingplanit.com/event/midsummer-swing4,2026-05-20
June 2026,12,387,The Little Swing Factory,the-little-swing-factory,France,Grenoble,Teachers Confirmed,https://mecanikaswing.fr/evenements/fabrique-swing-2026/,https://www.swingplanit.com/event/the-little-swing-factory,2026-05-20
June 2026,12,1624,Málaga Balboa Weekend,malaga-balboa-weekend,Spain,Málaga,Teachers Confirmed,https://www.facebook.com/Blue.SwingTorremolinos,https://www.swingplanit.com/event/malaga-balboa-weekend,2026-05-20
June 2026,12,204,Community Groove,community-groove,Germany,Darmstadt,Teachers Confirmed,https://swingindarmstadt.de/events/,https://www.swingplanit.com/event/community-groove,2026-05-20
June 2026,12,795,Harbour Hop,harbour-hop8,Netherlands,Rotterdam,Teachers Confirmed,http://www.harbourhop.nl/,https://www.swingplanit.com/event/harbour-hop8,2026-05-20
June 2026,12,1530,Midsummer Swing,midsummer-swing3,Latvia,Riga,Teachers Confirmed,https://www.midsummerswing.com/,https://www.swingplanit.com/event/midsummer-swing3,2026-05-20
June 2026,13,677,Midsummer Lindy Treat,midsummer-lindy-treat,Sweden,Luleå,Teachers Confirmed,https://www.heedman.com/midsummer.html,https://www.swingplanit.com/event/midsummer-lindy-treat,2026-05-20
June 2026,18,840,Trippin’ Blues Amsterdam,trippin-blues-amsterdam5,Netherlands,Amsterdam,Teachers Confirmed,http://www.trippinblues.amsterdam,https://www.swingplanit.com/event/trippin-blues-amsterdam5,2026-05-20
June 2026,19,2100,Queer Swing Dance Exchange Zurich,queer-swing-dance-exchange-zurich,Switzerland,Zurich,Teachers Confirmed Exchange,http://www.queerswingzurich.com,https://www.swingplanit.com/event/queer-swing-dance-exchange-zurich,2026-05-20
June 2026,19,300,MTL Bal Jam,mtl-bal-jam2,Canada,Montreal,Teachers Confirmed,https://mtlbaljam.org/en,https://www.swingplanit.com/event/mtl-bal-jam2,2026-05-20
June 2026,19,909,Shag’n’ Bal Weekend,shagn-bal-weekend,Germany,Frankfurt am Main /Offenbach am Main,Teachers Confirmed,https://shagandbalboaweekend.carrd.co/,https://www.swingplanit.com/event/shagn-bal-weekend,2026-05-20
June 2026,19,1482,Shake the Change Festival,shake-the-change-festival3,Slovenia,Radovljica,Teachers Confirmed,https://shakethechange.si/,https://www.swingplanit.com/event/shake-the-change-festival3,2026-05-20
June 2026,19,1589,Sugarville,sugarville3,Netherlands,Groningen,Teachers Confirmed,https://www.sugarvilleswing.nl/,https://www.swingplanit.com/event/sugarville3,2026-05-20
June 2026,19,1046,Blues at the ‘Bridge,blues-at-the-bridge4,United Kingdom,Cambridge,Teachers Confirmed,https://facebook.com/events/s/blues-at-the-bridge-2026/2012741039485424/,https://www.swingplanit.com/event/blues-at-the-bridge4,2026-05-20
June 2026,19,624,Paris Swing Workshop,paris-swing-workshop2,France,Paris,Teachers Confirmed,https://www.leschatonsswingueurs.tf/paris-swing-workshop-2026,https://www.swingplanit.com/event/paris-swing-workshop2,2026-05-20
June 2026,19,1039,The Blues Lab,the-blues-lab,Turkey,Cappadoccia,Teachers Confirmed,https://www.canva.com/design/DAGyes28AWA/ksBkCvBa1XLq5INsVH9PVw/view?utm_content=DAGyes28AWA&utm_campaign=designshare&utm_medium,https://www.swingplanit.com/event/the-blues-lab,2026-05-20
June 2026,19,2489,WGC Swing Festival,wgc-swing-festival,United Kingdom,Welwyn Garden City,,http://www.wgcvintagefestival.com,https://www.swingplanit.com/event/wgc-swing-festival,2026-05-20
June 2026,19,747,Montreal Bal Jam,montreal-bal-jam,Canada,Montreal,Teachers Confirmed,https://mtlbaljam.org/,https://www.swingplanit.com/event/montreal-bal-jam,2026-05-20
June 2026,20,1367,Lindy Hop Intensive Weekend,lindy-hop-intensive-weekend2,Germany,Augsburg,Teachers Confirmed,https://hepcatclub.com/events/lindy-trainingslager/,https://www.swingplanit.com/event/lindy-hop-intensive-weekend2,2026-05-20
June 2026,25,157,VII Swing Meeting on the Strait,vii-swing-meeting-on-the-strait,Spain,Algeciras,Exchange,http://www.lacomarcadelswing.es,https://www.swingplanit.com/event/vii-swing-meeting-on-the-strait,2026-05-20
June 2026,25,112,Beantown Camp,beantown-camp10,United States,"Easton, Massachusetts",Teachers Confirmed,https://www.beantowncamp.com/,https://www.swingplanit.com/event/beantown-camp10,2026-05-20
June 2026,25,995,Plenty Hot- Savoy Edition Lovely and Hot!,plenty-hot-savoy-edition-lovely-and-hot,Germany,Dresden,Teachers Confirmed,https://plenty-hot.com/,https://www.swingplanit.com/event/plenty-hot-savoy-edition-lovely-and-hot,2026-05-20
June 2026,25,1061,a Little Swing - festival in Crete,a-little-swing-festival-in-crete2,Greece,"Chania, Crete",Teachers Confirmed,http://www.alittleswing.org,https://www.swingplanit.com/event/a-little-swing-festival-in-crete2,2026-05-20
June 2026,25,738,Balboa Festival Shanghai,balboa-festival-shanghai3,China,Shanghai,Teachers Confirmed,https://balboafestivalshanghai.com/,https://www.swingplanit.com/event/balboa-festival-shanghai3,2026-05-20
June 2026,26,269,Summer Swing Break #5,summer-swing-break-5,France,Ploulec'h / Lannion (22),Teachers Confirmed,https://tregorswing.org/ssb/,https://www.swingplanit.com/event/summer-swing-break-5,2026-05-20
June 2026,26,374,The Blues Spot,the-blues-spot4,France,Strasbourg,Teachers Confirmed,https://www.thebluesspot.fr/,https://www.swingplanit.com/event/the-blues-spot4,2026-05-20
June 2026,26,2275,Humdinger,humdinger,United Kingdom,Weston-super-Mare,,http://www.humdinger-events.com,https://www.swingplanit.com/event/humdinger,2026-05-20
June 2026,26,1117,Lille dit Hop!,lille-dit-hop2,France,Lille,,https://www.lilotbalboa.fr/,https://www.swingplanit.com/event/lille-dit-hop2,2026-05-20
June 2026,26,1930,Balboa Delight,balboa-delight4,Switzerland,Basel,,http://www.jitterbugsdelight.ch/balboa,https://www.swingplanit.com/event/balboa-delight4,2026-05-20
June 2026,26,871,Jumpin’ June,jumpin-june1,Spain,Vitoria-Gasteiz,Teachers Confirmed,https://www.thebounceswing.com/jumpin-june-2026,https://www.swingplanit.com/event/jumpin-june1,2026-05-20
June 2026,26,244,Hoppin Weekend,hoppin-weekend,United Kingdom,Porto,Teachers Confirmed,https://forms.gle/1LfJcHgLvKnz5GsN7,https://www.swingplanit.com/event/hoppin-weekend,2026-05-20
June 2026,26,851,Glasgow Swing Exchange,glasgow-swing-exchange1,United Kingdom,Glasgow,Exchange,http://www.glasgowswingexchange.co.uk,https://www.swingplanit.com/event/glasgow-swing-exchange1,2026-05-20
June 2026,26,1630,Infinity Swing Festival,infinity-swing-festival,Germany,Karlsruhe,Teachers Confirmed,https://karlsruhe.tanz-loft.de/news/infinity-swing/,https://www.swingplanit.com/event/infinity-swing-festival,2026-05-20
July 2026,3,575,Jazz & Swing Jaialdia Gasteiz Festival,jazz-swing-jaialdia-gasteiz-festival,Spain,Vitoria-Gasteiz,,https://jazzyswing.swingverguenza.com/,https://www.swingplanit.com/event/jazz-swing-jaialdia-gasteiz-festival,2026-05-20
July 2026,3,2059,What a Jazz summer camp,what-a-jazz-summer-camp3,Lithuania,NA,Teachers Confirmed,http://www.whatajazz.lt,https://www.swingplanit.com/event/what-a-jazz-summer-camp3,2026-05-20
July 2026,3,2074,Midnight Sun Swing Festival,midnight-sun-swing-festival,Finland,Helsinki,,http://www.midnightsunswing.fi/,https://www.swingplanit.com/event/midnight-sun-swing-festival,2026-05-20
July 2026,3,374,KZ’s Big 5!,kzs-big-5,Netherlands,Amsterdam,Teachers Confirmed,https://jazzeventsamsterdam.com/kzs-big-5-2/,https://www.swingplanit.com/event/kzs-big-5,2026-05-20
July 2026,4,1914,Herrang Dance Camp Week 1,herrang-dance-camp-week-11,Sweden,Herrang,Teachers Confirmed,http://www.herrang.com,https://www.swingplanit.com/event/herrang-dance-camp-week-11,2026-05-20
July 2026,7,353,Good Time Blues Fest,good-time-blues-fest3,Italy,Guglionesi,Teachers Confirmed,http://www.goodtimebluesfest.com,https://www.swingplanit.com/event/good-time-blues-fest3,2026-05-20
July 2026,10,1326,Slow Soirée- Brisbane Slow Dance Exchange,slow-soiree-brisbane-slow-dance-exchange,Australia,Brisbane,,https://slowsoiree.com.au/,https://www.swingplanit.com/event/slow-soiree-brisbane-slow-dance-exchange,2026-05-20
July 2026,10,464,Lindy Bloom Exchange,lindy-bloom-exchange,Canada,Vancouver,Exchange,http://www.lindybloom.ca,https://www.swingplanit.com/event/lindy-bloom-exchange,2026-05-20
July 2026,10,3159,Slow Dance Soirée,slow-dance-soiree5,United States,Rochester NY,,https://www.slowdancesoiree.com/,https://www.swingplanit.com/event/slow-dance-soiree5,2026-05-20
July 2026,10,754,Shag Summer Camp,shag-summer-camp2,United States,"Irvine, CA",Teachers Confirmed,http://www.shagsummercamp.com,https://www.swingplanit.com/event/shag-summer-camp2,2026-05-20
July 2026,11,768,Summer Camp - Balboa Week,summer-camp-balboa-week3,France,Mont-Dore,Teachers Confirmed,http://www.studiohop.com,https://www.swingplanit.com/event/summer-camp-balboa-week3,2026-05-20
July 2026,11,1633,Herrang Dance Camp Week 2,herrang-dance-camp-week-21,Sweden,Sweden,Teachers Confirmed,https://www.herrang.com/,https://www.swingplanit.com/event/herrang-dance-camp-week-21,2026-05-20
July 2026,12,1134,Mopao Swing Holidays,mopao-swing-holidays2,Spain,Santa susanna,Teachers Confirmed,http://www.mopao-swing-holidays.com,https://www.swingplanit.com/event/mopao-swing-holidays2,2026-05-20
July 2026,16,939,Swinging Montpellier,swinging-montpellier3,France,Montpellier,,http://www.swingingmontpellier.fr,https://www.swingplanit.com/event/swinging-montpellier3,2026-05-20
July 2026,17,489,Big D Lindy,big-d-lindy1,United States,Dallas,Teachers Confirmed,https://www.dsds.org/Big-D-Lindy,https://www.swingplanit.com/event/big-d-lindy1,2026-05-20
July 2026,17,340,Festival Swing de Monachil,festival-swing-de-monachil2,Spain,Monachil (Granada),,http://www.festivalinternacionalswing.monachil.es,https://www.swingplanit.com/event/festival-swing-de-monachil2,2026-05-20
July 2026,17,2558,BTX,btx,Japan,Tokyo,Exchange,https://balintokyo2024.my.canva.site/btx2026/,https://www.swingplanit.com/event/btx,2026-05-20
July 2026,18,1116,History Weekend-100 Years of Swinging at the Savoy,history-weekend-100-years-of-swinging-at-the-savoy,Germany,Magdeburg,Teachers Confirmed,https://swing39.de/events/event/history-weekend/,https://www.swingplanit.com/event/history-weekend-100-years-of-swinging-at-the-savoy,2026-05-20
July 2026,18,838,Summer Camp - Lindy Week,summer-camp-lindy-week3,France,Mont-Dore,Teachers Confirmed,http://www.studiohop.com,https://www.swingplanit.com/event/summer-camp-lindy-week3,2026-05-20
July 2026,18,1360,Herrang Dance Camp Week 3,herrang-dance-camp-week-31,Sweden,Herrang,Teachers Confirmed,http://www.herrang.com,https://www.swingplanit.com/event/herrang-dance-camp-week-31,2026-05-20
July 2026,24,1187,Winter Swing Festival,winter-swing-festival6,Australia,Hobart,Exchange,http://www.tasswing.com.au,https://www.swingplanit.com/event/winter-swing-festival6,2026-05-20
July 2026,24,1226,Northwest Balboa Festival,northwest-balboa-festival8,United States,Seattle,,https://northwestbalboafestival.com/,https://www.swingplanit.com/event/northwest-balboa-festival8,2026-05-20
July 2026,24,154,Swingin’ Twenties- Charleston Weekender,swingin-twenties-charleston-weekender,Germany,Dresden,Teachers Confirmed,https://jam-circle.com/workshops/swingin-twenties-20s-charleston-workshop/,https://www.swingplanit.com/event/swingin-twenties-charleston-weekender,2026-05-20
July 2026,24,740,Legs Misbehave,legs-misbehave1,United Kingdom,Bristol,Exchange,https://sugarfootswing.com/legs-misbehave/,https://www.swingplanit.com/event/legs-misbehave1,2026-05-20
July 2026,24,402,Swingin’ Twenties,swingin-twenties,Germany,Dresden,Teachers Confirmed,https://jam-circle.com/workshops/swingin-twenties-20s-charleston-workshop/,https://www.swingplanit.com/event/swingin-twenties,2026-05-20
July 2026,25,989,Blues Dose Retreat,blues-dose-retreat1,Czech Republic,near Brno,Teachers Confirmed,https://bluesdose.cz/retreat-2026/,https://www.swingplanit.com/event/blues-dose-retreat1,2026-05-20
July 2026,25,559,Summer Camp - Blues Week,summer-camp-blues-week3,France,Mont-Dore,Teachers Confirmed,http://www.studiohop.com,https://www.swingplanit.com/event/summer-camp-blues-week3,2026-05-20
July 2026,25,1460,Herrang Dance Camp Week 4,herrang-dance-camp-week-41,Sweden,Herrang,Teachers Confirmed,http://www.herrang.com,https://www.swingplanit.com/event/herrang-dance-camp-week-41,2026-05-20
July 2026,27,663,Camp Balboa,camp-balboa,Switzerland,Bern,Teachers Confirmed,http://www.campbalboa.com,https://www.swingplanit.com/event/camp-balboa,2026-05-20
July 2026,29,3372,Novelläng - Swing in the Amalfi Coast,novellaeng-swing-in-the-amalfi-coast,Italy,Tramonti (SA),Teachers Confirmed,http://www.novellangswingcamp.com,https://www.swingplanit.com/event/novellaeng-swing-in-the-amalfi-coast,2026-05-20
July 2026,31,386,MinneBal,minnebal1,United States,Minneapolis-St. Paul,Teachers Confirmed,http://www.tcbalboaconnection.org/about-minnebal,https://www.swingplanit.com/event/minnebal1,2026-05-20
July 2026,31,710,San Diego Balboa and Lindy Exchange,san-diego-balboa-and-lindy-exchange3,United States,San Diego,Exchange,http://www.sdblx.org,https://www.swingplanit.com/event/san-diego-balboa-and-lindy-exchange3,2026-05-20
August 2026,7,467,Burning Feet Fest Berlin,burning-feet-fest-berlin,Germany,Berlin,Teachers Confirmed,http://www.burningfeetfest.com/,https://www.swingplanit.com/event/burning-feet-fest-berlin,2026-05-20
August 2026,7,694,Heartland SwingOut,heartland-swingout1,United States,"Des Moines, IA",,https://www.heartlandswing.com/swingout,https://www.swingplanit.com/event/heartland-swingout1,2026-05-20
August 2026,7,350,Tartu Summer Swing 10,tartu-summer-swing-10,Estonia,Tartu,Teachers Confirmed,http://www.summer.tartuswing.ee/,https://www.swingplanit.com/event/tartu-summer-swing-10,2026-05-20
August 2026,7,309,Lindy Hop Non Stop,lindy-hop-non-stop6,Poland,Krakow,Teachers Confirmed,http://www.nonstop-lindyhop.pl/en/,https://www.swingplanit.com/event/lindy-hop-non-stop6,2026-05-20
August 2026,7,211,Gold Coast Lindy Fest,gold-coast-lindy-fest2,Australia,Gold Coast,Teachers Confirmed,http://www.goldcoastlindyfest.com.au,https://www.swingplanit.com/event/gold-coast-lindy-fest2,2026-05-20
August 2026,7,1424,Flower City Swing & Blues Exchange,flower-city-swing-blues-exchange,United States,"Rochester, NY",Exchange,http://www.flowercityswingblues.com,https://www.swingplanit.com/event/flower-city-swing-blues-exchange,2026-05-20
August 2026,13,750,Bluesila,bluesila6,Lithuania,70 km from Vilnius,Teachers Confirmed,https://fb.me/e/7cWRaT2wc,https://www.swingplanit.com/event/bluesila6,2026-05-20
August 2026,14,1318,Bal-love,bal-love1,Czech Republic,Prague,Teachers Confirmed,https://www.bal-love.com,https://www.swingplanit.com/event/bal-love1,2026-05-20
August 2026,14,1454,Summertime Blues,summertime-blues1,Germany,Windeck (near Cologne/Bonn),Teachers Confirmed,http://www.tanzbildung.info/ZweisamerTanzPaartanz#SummertimeBlues,https://www.swingplanit.com/event/summertime-blues1,2026-05-20
August 2026,15,201,Jammin’,jammin,Mexico,Mexico City,Teachers Confirmed,http://www.jamminfest.com.mx,https://www.swingplanit.com/event/jammin,2026-05-20
August 2026,20,825,Swing Era,swing-era3,Thailand,Bangkok,Teachers Confirmed,https://theswingera.com/,https://www.swingplanit.com/event/swing-era3,2026-05-20
August 2026,20,1588,Oslo Swingjazz Festival,oslo-swingjazz-festival,Norway,Oslo,Exchange,https://osloswingjazz.com/,https://www.swingplanit.com/event/oslo-swingjazz-festival,2026-05-20
August 2026,20,1357,Harvest Moon Swing Dance Camp,harvest-moon-swing-dance-camp2,Germany,Rietberg,Teachers Confirmed,http://www.harvestmoon.camp,https://www.swingplanit.com/event/harvest-moon-swing-dance-camp2,2026-05-20
August 2026,23,1145,Policoro in Swing,policoro-in-swing9,Italy,Policoro,Teachers Confirmed,http://www.policoroinswing.com,https://www.swingplanit.com/event/policoro-in-swing9,2026-05-20
August 2026,23,1076,Swing Dance Montenegro Summer Camp,swing-dance-montenegro-summer-camp2,Montenegro,"Kostanica, Montenegro",Teachers Confirmed,http://camp.swingdance-montenegro.com/,https://www.swingplanit.com/event/swing-dance-montenegro-summer-camp2,2026-05-20
August 2026,26,176,Swing Out New Hampshire,swing-out-new-hampshire9,United States,"Hebron, NH",Teachers Confirmed,http://www.swingoutnh.com,https://www.swingplanit.com/event/swing-out-new-hampshire9,2026-05-20
August 2026,27,2508,Velo-Swing Festival,velo-swing-festival9,Germany,Saarbrücken,Teachers Confirmed,https://www.veloswingfestival.com/,https://www.swingplanit.com/event/velo-swing-festival9,2026-05-20
August 2026,27,1025,Harvest Moon Swing Dance Camp - Between the Beats,harvest-moon-swing-dance-camp-between-the-beats,Germany,Rietberg,,http://www.harvestmoon.camp,https://www.swingplanit.com/event/harvest-moon-swing-dance-camp-between-the-beats,2026-05-20
August 2026,28,1902,Dornbirn Summer Swivel,dornbirn-summer-swivel4,Austria,Dornbirn,Teachers Confirmed,https://www.laendlehop.at/summer-swivel-2026/,https://www.swingplanit.com/event/dornbirn-summer-swivel4,2026-05-20
August 2026,28,1501,Shag Ahoi!,shag-ahoi8,Germany,Hamburg,,http://www.shagahoi.de,https://www.swingplanit.com/event/shag-ahoi8,2026-05-20
August 2026,28,1898,The Uptown Swingout,the-uptown-swingout7,United States,"Minneapolis, MN",,http://www.uptownswingout.com,https://www.swingplanit.com/event/the-uptown-swingout7,2026-05-20
August 2026,28,1460,Velo-Swing Festival,velo-swing-festival10,Germany,Saarbruecken,Teachers Confirmed,https://www.veloswingfestival.com/,https://www.swingplanit.com/event/velo-swing-festival10,2026-05-20
September 2026,3,610,Green Hill Swing Festival,green-hill-swing-festival3,Czech Republic,Žďár nad Sázavou,,https://swinguzdar.cz/en/,https://www.swingplanit.com/event/green-hill-swing-festival3,2026-05-20
September 2026,4,701,Balboa Festival HaniBal,balboa-festival-hanibal1,Slovenia,Ljubljana,,http://www.festivalhanibal.si,https://www.swingplanit.com/event/balboa-festival-hanibal1,2026-05-20
September 2026,4,708,Lecce Swing Festival,lecce-swing-festival,Italy,Lecce,,https://www.lecceswingfestival.it/,https://www.swingplanit.com/event/lecce-swing-festival,2026-05-20
September 2026,4,1051,Balboa On The River,balboa-on-the-river5,Canada,Gananoque Ontario,Teachers Confirmed,http://www.balboaontheriver.com,https://www.swingplanit.com/event/balboa-on-the-river5,2026-05-20
September 2026,5,797,Jazz Break & Knowedge Meetup with Odd Sweet,jazz-break-knowedge-meetup-with-odd-sweet,Luxembourg,Luxembourg,Teachers Confirmed,https://jazzbreak.lu/knowedge-meetup/,https://www.swingplanit.com/event/jazz-break-knowedge-meetup-with-odd-sweet,2026-05-20
September 2026,9,1080,Sicily Swing Fest 11th - Tutti Frutti Edition,sicily-swing-fest-11th-tutti-frutti-edition,Italy,Catania,Teachers Confirmed,http://www.sicilyswingfest.it/,https://www.swingplanit.com/event/sicily-swing-fest-11th-tutti-frutti-edition,2026-05-20
September 2026,9,1260,We Bal Paris,we-bal-paris1,France,Paris,Teachers Confirmed,https://webaltheworld.wixsite.com/solaudanse/about-6,https://www.swingplanit.com/event/we-bal-paris1,2026-05-20
September 2026,10,1096,be bluesed festival,be-bluesed-festival1,Switzerland,Bern,Teachers Confirmed,https://be-bluesed-festival.ch/,https://www.swingplanit.com/event/be-bluesed-festival1,2026-05-20
September 2026,10,2032,Sicily Swing Fest,sicily-swing-fest3,Italy,Catania,,http://www.sicilyswingfest.it/,https://www.swingplanit.com/event/sicily-swing-fest3,2026-05-20
September 2026,11,496,Boogie Drop #3,boogie-drop-3,Poland,Krakow,,https://www.facebook.com/events/1966286463961391,https://www.swingplanit.com/event/boogie-drop-3,2026-05-20
September 2026,11,351,Mexico Lindy Querido,mexico-lindy-querido1,Mexico,Mexico City,,https://www.facebook.com/Mexico.lindyquerido,https://www.swingplanit.com/event/mexico-lindy-querido1,2026-05-20
September 2026,11,1989,Season of the Switch,season-of-the-switch,Germany,Munich,Teachers Confirmed,https://www.seasonoftheswitch.com/,https://www.swingplanit.com/event/season-of-the-switch,2026-05-20
September 2026,11,103,Shag Delight,shag-delight5,Switzerland,Basel,,http://www.jitterbugsdelight.ch/shag,https://www.swingplanit.com/event/shag-delight5,2026-05-20
September 2026,11,1072,Sprottenhop,sprottenhop2,Germany,Kiel,Teachers Confirmed,http://www.sprottenhop.de,https://www.swingplanit.com/event/sprottenhop2,2026-05-20
September 2026,11,1054,Shag Delight,shag-delight4,Switzerland,Basel,,http://www.jitterbugsdelight.ch/shag,https://www.swingplanit.com/event/shag-delight4,2026-05-20
September 2026,11,83,Cowtown Jamborama,cowtown-jamborama6,United States,Omaha,Teachers Confirmed,https://jitterbugs.org/,https://www.swingplanit.com/event/cowtown-jamborama6,2026-05-20
September 2026,11,62,26th Annual Swing Summit,26th-annual-swing-summit,Canada,Sunshine Valley BC,Teachers Confirmed,http://www.suburbanswing.com,https://www.swingplanit.com/event/26th-annual-swing-summit,2026-05-20
September 2026,11,1312,Bottoms UP!,bottoms-up1,Germany,Cologne,Teachers Confirmed,https://www.bottomsupfestival.com/,https://www.swingplanit.com/event/bottoms-up1,2026-05-20
September 2026,17,1407,Barcelona Lindy Exchange - BLE,barcelona-lindy-exchange-ble2,Spain,Barcelona,Exchange,https://barcelonalindyexchange.com/,https://www.swingplanit.com/event/barcelona-lindy-exchange-ble2,2026-05-20
September 2026,17,58,Gothenburg Queer Lindy Festival,gothenburg-queer-lindy-festival4,Sweden,Gothenburg,Teachers Confirmed,http://www.gbgqueerlindy.com,https://www.swingplanit.com/event/gothenburg-queer-lindy-festival4,2026-05-20
September 2026,18,406,Shaggin’ Utrecht Exchange,shaggin-utrecht-exchange,Netherlands,Utrecht,Exchange,http://www.swinginutrecht.nl,https://www.swingplanit.com/event/shaggin-utrecht-exchange,2026-05-20
September 2026,18,3406,Swing Man Tau,swing-man-tau4,Germany,Bremen,Teachers Confirmed,https://swingmantau.de/,https://www.swingplanit.com/event/swing-man-tau4,2026-05-20
September 2026,18,369,Bal & Hop,bal-hop2,"Korea, Republic Of",Seoul,Teachers Confirmed,https://balnhop.kr/,https://www.swingplanit.com/event/bal-hop2,2026-05-20
September 2026,18,460,Swing the Abbey,swing-the-abbey2,Luxembourg,Luxembourg,,https://www.instagram.com/swingtheabbey,https://www.swingplanit.com/event/swing-the-abbey2,2026-05-20
September 2026,18,90,The Shag Thing,the-shag-thing2,Norway,Oslo,,https://bardarswingclub.com/theshagthing/,https://www.swingplanit.com/event/the-shag-thing2,2026-05-20
September 2026,18,418,Bangkok Jam,bangkok-jam,Thailand,Bangkok,,https://www.instagram.com/bangkokjamfest,https://www.swingplanit.com/event/bangkok-jam,2026-05-20
September 2026,18,955,Swingala,swingala9,Italy,Rome,Teachers Confirmed,http://www.swingala.com,https://www.swingplanit.com/event/swingala9,2026-05-20
September 2026,18,1013,Belta Blues and fusion,belta-blues-and-fusion,United Kingdom,Newcastle upon Tyne,,https://www.hoodooblues.dance,https://www.swingplanit.com/event/belta-blues-and-fusion,2026-05-20
September 2026,18,200,Hop & Jump,hop-jump,Spain,Granada,Teachers Confirmed,https://hophopswing.es/hopandjump/,https://www.swingplanit.com/event/hop-jump,2026-05-20
September 2026,19,488,The Jump,the-jump2,Spain,Valencia,Teachers Confirmed,https://thebluesroom.com/br_event/the-jump/,https://www.swingplanit.com/event/the-jump2,2026-05-20
September 2026,24,291,Little Big Swing Camp,little-big-swing-camp2,Portugal,São Pedro do Sul,Teachers Confirmed,https://lbswing.com/,https://www.swingplanit.com/event/little-big-swing-camp2,2026-05-20
September 2026,25,1253,Calpe Swing Fiesta,calpe-swing-fiesta9,Spain,Calpe,Teachers Confirmed,www.calpeswingfiesta.co.uk,https://www.swingplanit.com/event/calpe-swing-fiesta9,2026-05-20
September 2026,25,1605,Rock the Balboa!,rock-the-balboa3,Poland,Krakow,,https://rockthebalboa.com/,https://www.swingplanit.com/event/rock-the-balboa3,2026-05-20
September 2026,25,261,Boogie Down South,boogie-down-south7,Australia,Busselton,Teachers Confirmed,https://boogiedownsouth.com.au/,https://www.swingplanit.com/event/boogie-down-south7,2026-05-20
September 2026,25,405,Lindy Snacks,lindy-snacks2,Germany,Dresden,Teachers Confirmed,https://jam-circle.com/workshops/lindy-snacks-series/,https://www.swingplanit.com/event/lindy-snacks2,2026-05-20
September 2026,25,724,Swing Buzz Festival,swing-buzz-festival2,Bulgaria,Sofia,Teachers Confirmed,http://www.swingbuzz.eu,https://www.swingplanit.com/event/swing-buzz-festival2,2026-05-20
September 2026,25,94,Savoie Balboa Festival,savoie-balboa-festival3,France,Drumettaz-Clarafond,Teachers Confirmed,http://savoiecaswing.fr/page/3743569-sbf2026,https://www.swingplanit.com/event/savoie-balboa-festival3,2026-05-20
September 2026,25,1040,Edinburgh Lindy Exchange,edinburgh-lindy-exchange12,United Kingdom,Edinburgh,Exchange,https://www.edinburghlindyexchange.co.uk/,https://www.swingplanit.com/event/edinburgh-lindy-exchange12,2026-05-20
September 2026,25,1791,Augsburg Balboa & Shag Festival,augsburg-balboa-shag-festival3,Germany,Augsburg,,https://www.augsburgbalboa.com,https://www.swingplanit.com/event/augsburg-balboa-shag-festival3,2026-05-20
September 2026,26,102,Reykya_Workshop,reykya-workshop,Iceland,Reykjavik,Teachers Confirmed,https://www.facebook.com/lindyravers,https://www.swingplanit.com/event/reykya-workshop,2026-05-20
October 2026,1,321,Lindy Cake,lindy-cake10,Germany,Freiburg,,https://lindycake.de/,https://www.swingplanit.com/event/lindy-cake10,2026-05-20
October 2026,2,384,Riviera Seaside Swing Fest,riviera-seaside-swing-fest1,Italy,Riccione,Teachers Confirmed,https://www.instagram.com/rivieraseasideswingfestival?igsh=MWMxZml1MHc5OHFwMw==,https://www.swingplanit.com/event/riviera-seaside-swing-fest1,2026-05-20
October 2026,2,1024,swingomania- Swing Loves Blues,swingomania-swing-loves-blues3,Germany,Nuremberg,Teachers Confirmed,https://swingomania.lindymaniacs.de/en,https://www.swingplanit.com/event/swingomania-swing-loves-blues3,2026-05-20
October 2026,2,920,Oslo Balboa Weekend,oslo-balboa-weekend11,Norway,Oslo,Teachers Confirmed,http://www.oslobalboaweekend.com,https://www.swingplanit.com/event/oslo-balboa-weekend11,2026-05-20
October 2026,8,1113,Bcn Shag Festival - 12th edition,bcn-shag-festival-12th-edition,Spain,Barcelona,,http://www.bcn.shag.cat,https://www.swingplanit.com/event/bcn-shag-festival-12th-edition,2026-05-20
October 2026,8,1075,Swingin’ Undermoon!,swingin-undermoon,Spain,Valencia,,http://www.swingingundermoon.com,https://www.swingplanit.com/event/swingin-undermoon,2026-05-20
October 2026,9,950,Da Solo Jazz,da-solo-jazz,Germany,Darmstadt,Teachers Confirmed,http://www.dasolojazz.com,https://www.swingplanit.com/event/da-solo-jazz,2026-05-20
October 2026,9,457,Roaring Twente,roaring-twente1,Netherlands,Enschede,,https://roaringtwente.nl/,https://www.swingplanit.com/event/roaring-twente1,2026-05-20
October 2026,9,1210,NY Lindy Exchange,ny-lindy-exchange2,United States,New York City,Exchange,https://www.nylindy.com/,https://www.swingplanit.com/event/ny-lindy-exchange2,2026-05-20
October 2026,9,182,Dresden Shag Weekend,dresden-shag-weekend,Germany,Dresden,Teachers Confirmed,https://jam-circle.com/workshops/collegiate-shag-weekend/,https://www.swingplanit.com/event/dresden-shag-weekend,2026-05-20
October 2026,9,732,Blues Juke Joint Weekend,blues-juke-joint-weekend1,Portugal,Porto,,https://bluesjukejointport.wixsite.com/bjjweekend,https://www.swingplanit.com/event/blues-juke-joint-weekend1,2026-05-20
October 2026,9,627,Why Not Aarhus Lindy Exchange,why-not-aarhus-lindy-exchange6,Denmark,Aarhus,Teachers Confirmed Exchange,https://aarhuslindyhoppers.dk/why-not-2026,https://www.swingplanit.com/event/why-not-aarhus-lindy-exchange6,2026-05-20
October 2026,9,981,Lindy Poh! Festival,lindy-poh-festival1,Chile,Santiago,,http://www.lindypoh.cl,https://www.swingplanit.com/event/lindy-poh-festival1,2026-05-20
October 2026,10,1670,Grand-Heidel-Bal,grand-heidel-bal1,Germany,Heidelberg,,http://www.balboa-heidelberg.de,https://www.swingplanit.com/event/grand-heidel-bal1,2026-05-20
October 2026,16,958,Slow Bal-Love,slow-bal-love,Czech Republic,Prague,,https://balloveinc.wixsite.com/slow-bal-love,https://www.swingplanit.com/event/slow-bal-love,2026-05-20
October 2026,16,1147,Broadway Swing,broadway-swing5,Germany,Magdeburg,Teachers Confirmed,https://broadway.swing39.de/,https://www.swingplanit.com/event/broadway-swing5,2026-05-20
October 2026,16,741,Breaking Bal: Balboa & Lindy Hop Weekend,breaking-bal-balboa-lindy-hop-weekend,United States,"Santa Fe, New Mexico",Teachers Confirmed,https://santafebalboa.org/breaking-bal-2026/,https://www.swingplanit.com/event/breaking-bal-balboa-lindy-hop-weekend,2026-05-20
October 2026,16,847,Byron Bay Lindy Exchange,byron-bay-lindy-exchange1,Australia,Byron Bay NSW,Exchange,http://www.byronbaylindyexchange.com.au,https://www.swingplanit.com/event/byron-bay-lindy-exchange1,2026-05-20
October 2026,16,861,Napoli Swing Fest,napoli-swing-fest,Italy,Naples,,http://www.napoliswingfest.com,https://www.swingplanit.com/event/napoli-swing-fest,2026-05-20
October 2026,16,858,Malmö Jumpin’ Fall,malmoe-jumpin-fall1,Sweden,Malmö,,http://www.jumpinfall.se/,https://www.swingplanit.com/event/malmoe-jumpin-fall1,2026-05-20
October 2026,22,994,Hop that Swing,hop-that-swing2,Germany,Rostock,,https://www.swing-connection-rostock.de/hop-that-swing-2026/,https://www.swingplanit.com/event/hop-that-swing2,2026-05-20
October 2026,22,1385,Myotragus Swing Festival,myotragus-swing-festival1,Spain,Palmanova,,https://www.instagram.com/myotragus_fest/,https://www.swingplanit.com/event/myotragus-swing-festival1,2026-05-20
October 2026,23,1816,20th Munich Balboa & Shag Weekend,20th-munich-balboa-shag-weekend,Germany,Munich,,http://www.balboashag.de,https://www.swingplanit.com/event/20th-munich-balboa-shag-weekend,2026-05-20
October 2026,23,532,Vancouver Balboa Mini Fest,vancouver-balboa-mini-fest5,Canada,"Vancouver, BC",Exchange,https://www.vanswingsociety.ca/vancouver-balboa-mini-fest,https://www.swingplanit.com/event/vancouver-balboa-mini-fest5,2026-05-20
October 2026,23,1244,Queer Lindy Festival Cologne,queer-lindy-festival-cologne,Germany,Cologne,Teachers Confirmed,https://queerlindycologne.de/queer-lindy-festival-cologne-2026/,https://www.swingplanit.com/event/queer-lindy-festival-cologne,2026-05-20
October 2026,23,174,VIII Festival Swing Ciudad Real,viii-festival-swing-ciudad-real,Spain,Ciudad Real,Teachers Confirmed,www.swingciudadreal.es,https://www.swingplanit.com/event/viii-festival-swing-ciudad-real,2026-05-20
October 2026,23,100,Copenhagen Balboa Weekend,copenhagen-balboa-weekend5,Denmark,Copenhagen,Teachers Confirmed,https://www.balboaswing.dk/,https://www.swingplanit.com/event/copenhagen-balboa-weekend5,2026-05-20
October 2026,29,1169,Mainhatten Shuffle - Frankfurt Balboa Weekend,mainhatten-shuffle-frankfurt-balboa-weekend3,Germany,Frankfurt/Main,,http://www.shuffle.rmswing.de,https://www.swingplanit.com/event/mainhatten-shuffle-frankfurt-balboa-weekend3,2026-05-20
October 2026,30,668,Cambridge Lindy Exchange,cambridge-lindy-exchange9,United Kingdom,Cambridge,Exchange,http://www.cambridgeswingdance.com,https://www.swingplanit.com/event/cambridge-lindy-exchange9,2026-05-20
October 2026,30,459,Spooky Southern Blues,spooky-southern-blues,Australia,Adelaide,Teachers Confirmed,https://swingdanceadelaide.com/southern-blues/,https://www.swingplanit.com/event/spooky-southern-blues,2026-05-20
October 2026,30,593,Story Swing Festival,story-swing-festival,France,Grenoble,Teachers Confirmed,https://www.grenobleswing.com/page/3723007-story-swing-festival,https://www.swingplanit.com/event/story-swing-festival,2026-05-20
October 2026,30,468,The Laminu Lab,the-laminu-lab,Austria,Vienna,Teachers Confirmed,https://balboa-baby.at/the-laminu-lab/,https://www.swingplanit.com/event/the-laminu-lab,2026-05-20
October 2026,30,949,Boulevard blues,boulevard-blues5,Belgium,Hasselt,Teachers Confirmed,http://www.boulevardblues.be,https://www.swingplanit.com/event/boulevard-blues5,2026-05-20
November 2026,6,331,Bella Shag & Bal Fest,bella-shag-bal-fest2,Italy,Rome,Competitions Held,https://www.swingcircus.it/bella/,https://www.swingplanit.com/event/bella-shag-bal-fest2,2026-05-20
November 2026,6,667,Sun City Swing Camp- SCSC,sun-city-swing-camp2,Sweden,Karlstad,,https://www.suncityswing.com/camp/scsc-2026,https://www.swingplanit.com/event/sun-city-swing-camp2,2026-05-20
November 2026,6,320,Swingin’ Charlie,swingin-charlie5,Germany,Karlsruhe,,http://www.swinginkarlsruhe.de,https://www.swingplanit.com/event/swingin-charlie5,2026-05-20
November 2026,6,519,Savoy Jazz Jam,savoy-jazz-jam3,United Kingdom,Watford,Teachers Confirmed,https://jiveswing.com/events/savoy-jazz-jam/,https://www.swingplanit.com/event/savoy-jazz-jam3,2026-05-20
November 2026,6,1500,Barcelona Balboa Festival - BBF,barcelona-balboa-festival-bbf1,Spain,Barcelona,,https://www.barcelonabalboafestival.com/,https://www.swingplanit.com/event/barcelona-balboa-festival-bbf1,2026-05-20
November 2026,6,389,Absolutely Shag,absolutely-shag3,Czech Republic,Brno,,https://absolutelyshag.cz/,https://www.swingplanit.com/event/absolutely-shag3,2026-05-20
November 2026,6,1197,The Night Train Festival,the-night-train-festival,Germany,Cologne,,https://www.thenighttrain.de/,https://www.swingplanit.com/event/the-night-train-festival,2026-05-20
November 2026,7,209,TinkerBal,tinkerbal4,United States,Waltham MA (Boston metro area),Teachers Confirmed,http://www.tinkerbal.com,https://www.swingplanit.com/event/tinkerbal4,2026-05-20
November 2026,12,80,Austin Lindy Exchange (ALX),austin-lindy-exchange-alx,United States,"Austin, TX",Exchange,http://austinlindyexchange.org/,https://www.swingplanit.com/event/austin-lindy-exchange-alx,2026-05-20
November 2026,13,1091,Lindy Academy,lindy-academy8,United Kingdom,"Titchfield, Fareham",Teachers Confirmed,http://www.thelindyclub.co.uk,https://www.swingplanit.com/event/lindy-academy8,2026-05-20
November 2026,13,702,Swingdom,swingdom10,Netherlands,Utrecht,,http://www.swingdom.nl,https://www.swingplanit.com/event/swingdom10,2026-05-20
November 2026,13,85,DeFest Dance Experience,defest-dance-experience1,Spain,Zaragoza,Teachers Confirmed,https://debeatswing.com/defest/,https://www.swingplanit.com/event/defest-dance-experience1,2026-05-20
November 2026,18,717,Dragon Swing,dragon-swing5,Poland,Krakow,,https://dragonswing.pl/,https://www.swingplanit.com/event/dragon-swing5,2026-05-20
November 2026,20,1034,Autumn leaves the Pott,autumn-leaves-the-pott2,Germany,Dortmund,,http://www.lindypott.de,https://www.swingplanit.com/event/autumn-leaves-the-pott2,2026-05-20
November 2026,20,499,Stardust Slow Bal,stardust-slow-bal,United States,Washington DC,Teachers Confirmed,https://stardustweekend.com/,https://www.swingplanit.com/event/stardust-slow-bal,2026-05-20
November 2026,20,765,Hanoi Lindy Weekend,hanoi-lindy-weekend2,Viet Nam,Hanoi,,https://www.facebook.com/hanoilindyweekend,https://www.swingplanit.com/event/hanoi-lindy-weekend2,2026-05-20
November 2026,27,226,Snowdown Swing,snowdown-swing2,Croatia,Zagreb,,https://snowdownswing.com/,https://www.swingplanit.com/event/snowdown-swing2,2026-05-20
November 2026,27,1034,Da Shag,da-shag1,Germany,Darmstadt,Teachers Confirmed,http://www.sunnysideswing.de,https://www.swingplanit.com/event/da-shag1,2026-05-20
November 2026,27,94,Blues Blaze,blues-blaze1,Germany,Dresden,Teachers Confirmed,https://jam-circle.com/workshops/blues-blaze/,https://www.swingplanit.com/event/blues-blaze1,2026-05-20
November 2026,27,1156,Stir it!,stir-it25,Switzerland,Zurich,,http://www.stirit.ch,https://www.swingplanit.com/event/stir-it25,2026-05-20
November 2026,27,1240,Breezy Swing Weekend,breezy-swing-weekend,Thailand,Hua Hin,Exchange,https://www.instagram.com/breezy_swing/,https://www.swingplanit.com/event/breezy-swing-weekend,2026-05-20
November 2026,28,622,Jazz Break Weekend with Ari and Simon,jazz-break-weekend-with-ari-and-simon,Luxembourg,Luxembourg,Teachers Confirmed,https://jazzbreak.lu/ari-simon/,https://www.swingplanit.com/event/jazz-break-weekend-with-ari-and-simon,2026-05-20
December 2026,11,1456,XmaSwing,xmaswing10,Germany,Augsburg,,https://www.xmaswing.com,https://www.swingplanit.com/event/xmaswing10,2026-05-20
January 2027,9,687,Slow Balboa Weekend Munich 7th Edition,slow-balboa-weekend-munich-7th-edition,Germany,Munich,Competitions Held Teachers Confirmed,https://www.munichbalboa.de,https://www.swingplanit.com/event/slow-balboa-weekend-munich-7th-edition,2026-05-20
January 2027,15,149,MBLX: Miami Beach Lindy Xchange,mblx-miami-beach-lindy-xchange1,United States,"South Beach, Miami Beach",Teachers Confirmed,http://www.iswing.dance/mblx,https://www.swingplanit.com/event/mblx-miami-beach-lindy-xchange1,2026-05-20
January 2027,22,459,Triple Step Madness,triple-step-madness2,Netherlands,De Rijp (30 km above Amsterdam),Teachers Confirmed,http://triplestepmadness,https://www.swingplanit.com/event/triple-step-madness2,2026-05-20
January 2027,29,560,SWOP - Old School Jazz meets Old School Hip Hop Dance,swop-old-school-jazz-meets-old-school-hip-hop-dance,Germany,Mainz,Teachers Confirmed,http://www.swinginwiesbaden.de/swingmeetshiphop/,https://www.swingplanit.com/event/swop-old-school-jazz-meets-old-school-hip-hop-dance,2026-05-20
January 2027,29,236,Bal For Two - Milano Balboa Weekend,bal-for-two-milano-balboa-weekend,Italy,Milan,Teachers Confirmed,http://www.lostintheshuffle.it,https://www.swingplanit.com/event/bal-for-two-milano-balboa-weekend,2026-05-20
January 2027,29,412,Switch Man Tau,switch-man-tau,Germany,Bremen,Teachers Confirmed,https://swingmantau.de/switch-man-tau,https://www.swingplanit.com/event/switch-man-tau,2026-05-20
February 2027,4,1677,20th Rock That Swing Festival,20th-rock-that-swing-festival,Germany,Munich,,http://www.rockthatswing.com,https://www.swingplanit.com/event/20th-rock-that-swing-festival,2026-05-20
February 2027,6,830,Lindy & Balboa Cruise from New Orleans to the Western Caribbean,lindy-balboa-cruise-from-new-orleans-to-the-western-caribbean,United States,"New Orleans, LA, Falmouth, Jamaica,Georgetown, Grand Cayman, Cozumel, Mexico",,https://lindycruise.com/,https://www.swingplanit.com/event/lindy-balboa-cruise-from-new-orleans-to-the-western-caribbean,2026-05-20
February 2027,11,940,Nubalboa,nubalboa8,Spain,Madrid,,https://bigmamaswing.com/nubalboa,https://www.swingplanit.com/event/nubalboa8,2026-05-20
February 2027,19,579,All that Blues Festival,all-that-blues-festival4,Germany,saarbrücken,Teachers Confirmed,http://www.allthatbluesfestival.de,https://www.swingplanit.com/event/all-that-blues-festival4,2026-05-20
February 2027,25,311,Cocoa Blues & Fusion Exchange Barcelona,cocoa-blues-fusion-exchange-barcelona8,Spain,Barcelona,Exchange,http://www.cocoablux.com,https://www.swingplanit.com/event/cocoa-blues-fusion-exchange-barcelona8,2026-05-20
February 2027,25,163,Blues Minsk Weekend,blues-minsk-weekend,Germany,Berlin,,http://www.berlinbalboaweekend.de,https://www.swingplanit.com/event/blues-minsk-weekend,2026-05-20
March 2027,11,287,Leapin` Lindy,leapin-lindy14,Switzerland,Bern,,http://swingcalendar.com/event/leapinlindy-27-bern-mar-2027/2895a23d-ee97-47c1-8f6c-45789c4336fd,https://www.swingplanit.com/event/leapin-lindy14,2026-05-20
March 2027,19,374,Vienna Balboa & Laminu Experience,vienna-balboa-laminu-experience8,Austria,Vienna,,https://balboa-baby.at/vble/,https://www.swingplanit.com/event/vienna-balboa-laminu-experience8,2026-05-20
March 2027,26,526,IsThereHop?,istherehop7,Switzerland,Zurich,,http://www.istherehop.ch,https://www.swingplanit.com/event/istherehop7,2026-05-20
April 2027,9,674,Prague Spring Swing Festival (PSSF),prague-spring-swing-festival-pssf2,Czech Republic,Prague,,www.pragueswingfestivals.com,https://www.swingplanit.com/event/prague-spring-swing-festival-pssf2,2026-05-20
April 2027,23,389,Stadtl Shuffle,stadtl-shuffle-brno-balboa-weekend1,Czech Republic,Brno,Teachers Confirmed,https://www.swingwings.cz/akce/stadtl-shuffle,https://www.swingplanit.com/event/stadtl-shuffle-brno-balboa-weekend1,2026-05-20
